{"location":"models/mmd/kizunaai/kizunaai.pmx","line_x_1":0.4792939563566785,"line_y_1":8.406498344683708,"line_x_2":0.7277507923825445,"line_y_2":8.196595155627373,"line_x_3":0.5007126491175289,"line_y_3":8.012394397884059,"line_x_4":0.26082329019600325,"line_y_4":8.248000018253414}