{"location":"models/mmd/るいのれ式物述有栖_配布用フォルダ/物述有栖.pmx","line_x_1":0.494360725067715,"line_y_1":4.742762322799207,"line_x_2":0.7805636039960493,"line_y_2":4.58608191462676,"line_x_3":0.573745465208421,"line_y_3":4.320769756788086,"line_x_4":0.310522379478712,"line_y_4":4.554745832992271}