{"location":"models/mmd/『天宮こころ(Kokoro Amamiya)』/『天宮こころ(Kokoro Amamiya)』.pmx","line_x_1":0.5010917326820742,"line_y_1":5.581427002862419,"line_x_2":0.7630613751464035,"line_y_2":5.502042262721714,"line_x_3":0.5308610102348389,"line_y_3":5.327395834412161,"line_x_4":0.29667602681975663,"line_y_4":5.492119170204125}